district,state,dfsi,dfsi_relative_0_100,dfsi_rank,district_key,historical_flood_events,flood_proneness
Patna,BIHAR,19.300564104042078,100.0,1,PATNA,71,Very High
Murshidabad,WEST BENGAL,18.910883771379428,97.41180742281658,2,MURSHIDABAD,44,Very High
Thane,MAHARASHTRA,18.86178924193549,97.08572964563218,3,THANE,97,Very High
Guntur,ANDHRA PRADESH,18.83206907033492,96.88833316168952,4,GUNTUR,33,Very High
North Twenty Four Pargan*,WEST BENGAL,18.77053767455695,96.47965176704972,5,NORTH TWENTY FOUR PARGAN,0,Very High
Nagpur,MAHARASHTRA,18.687113593311008,95.9255627619317,6,NAGPUR,177,Very High
Purba Medinipur,WEST BENGAL,18.370425949562637,93.82217560037121,7,PURBA MEDINIPUR,37,Very High
Lakhimpur,ASSAM,18.33746571265321,93.60325913638574,8,LAKHIMPUR,218,Very High
Gorakhpur,UTTAR PRADESH,18.30257560143651,93.37152476516115,9,GORAKHPUR,64,Very High
Purba Champaran,BIHAR,18.29578760114369,93.32643998540912,10,PURBA CHAMPARAN,0,Very High
Kota,RAJASTHAN,18.28899123555501,93.28129964474,11,KOTA,51,Very High
Muzaffarpur,BIHAR,18.28701590256185,93.26817980839768,12,MUZAFFARPUR,63,Very High
Ballia,UTTAR PRADESH,18.282412575936064,93.23760527125899,13,BALLIA,65,Very High
Maldah,WEST BENGAL,18.258130027039368,93.07632458157138,14,MALDAH,17,Very High
Aurangabad,BIHAR,18.255102457499184,93.0562159634195,15,AURANGABAD,89,Very High
Rajkot,GUJARAT,18.23927454775029,92.95108959421196,16,RAJKOT,41,Very High
Cachar,ASSAM,18.140456924041366,92.29475921584576,17,CACHAR,153,Very High
Ahmadabad,GUJARAT,18.117122356772818,92.13977486397053,18,AHMADABAD,0,Very High
Aurangabad,BIHAR,18.09924752686318,92.02105318824616,19,AURANGABAD,89,Very High
Bahraich,UTTAR PRADESH,18.077352963427945,91.87563310461879,20,BAHRAICH,72,Very High
Dibrugarh,ASSAM,18.06823270299057,91.81505783718174,21,DIBRUGARH,155,Very High
Prayagraj,UTTAR PRADESH,18.06694088316479,91.80647778270145,22,PRAYAGRAJ,56,Very High
Chamoli,UTTARAKHAND,18.05798993917151,91.74702708719445,23,CHAMOLI,37,Very High
Darjiling,WEST BENGAL,18.01898148587533,91.48793936629583,24,DARJILING,0,Very High
Jalpaiguri,WEST BENGAL,18.00303602720487,91.38203225651519,25,JALPAIGURI,55,Very High
Azamgarh,UTTAR PRADESH,17.951289130056143,91.03833788996228,26,AZAMGARH,52,Very High
Pashchim Champaran,BIHAR,17.92933849820152,90.89254540912954,27,PASHCHIM CHAMPARAN,64,Very High
Amravati,MAHARASHTRA,17.907707348841942,90.74887487840026,28,AMRAVATI,80,Very High
Medinipur West,WEST BENGAL,17.869045637008952,90.49209015718114,29,MEDINIPUR WEST,0,Very High
Samastipur,BIHAR,17.76199430185416,89.78107282373755,30,SAMASTIPUR,57,Very High
Darbhanga,BIHAR,17.744619139380248,89.66566985681064,31,DARBHANGA,67,Very High
Alappuzha,KERALA,17.725461969849633,89.5384310925646,32,ALAPPUZHA,113,Very High
Surat,GUJARAT,17.686867251651705,89.28209133203364,33,SURAT,47,Very High
Kachchh,GUJARAT,17.66899887709203,89.16341253168034,34,KACHCHH,31,Very High
Shimla,HIMACHAL PRADESH,17.6226469397165,88.85555059922486,35,SHIMLA,113,Very High
Bhagalpur,BIHAR,17.604486494190635,88.73493191162719,36,BHAGALPUR,54,Very High
Madhubani,BIHAR,17.604319048943815,88.7338197678812,37,MADHUBANI,67,Very High
Raigarh,CHHATTISGARH,17.570758110656712,88.51091354429926,38,RAIGARH,52,Very High
Bharuch,GUJARAT,17.568946762319865,88.49888286703082,39,BHARUCH,50,Very High
Nanded,MAHARASHTRA,17.5598713904459,88.43860574203741,40,NANDED,66,Very High
Hamirpur,UTTAR PRADESH,17.536827590186714,88.28555261674009,41,HAMIRPUR,116,Very High
Nadia,WEST BENGAL,17.534500094496988,88.2700937737792,42,NADIA,37,Very High
Dhemaji,ASSAM,17.531994905456393,88.25345472085343,43,DHEMAJI,202,Very High
Pune,MAHARASHTRA,17.524811977180292,88.20574689449326,44,PUNE,139,Very High
Kamrup,ASSAM,17.51092316732499,88.1134997073494,45,KAMRUP,181,Very High
Sitapur,UTTAR PRADESH,17.504226814413553,88.06902363440737,46,SITAPUR,69,Very High
Deoria,UTTAR PRADESH,17.491668267861357,87.9856118369874,47,DEORIA,56,Very High
Kheri,UTTAR PRADESH,17.48620569437293,87.94933032373149,48,KHERI,58,Very High
Hooghly,WEST BENGAL,17.48618759234521,87.94921009304534,49,HOOGHLY,31,Very High
Agra,UTTAR PRADESH,17.46347311350804,87.79834426638365,50,AGRA,39,Very High
Ganjam,ODISHA,17.46172971322325,87.78676488888382,51,GANJAM,36,Very High
Cuttack,ODISHA,17.44880793951162,87.7009405965056,52,CUTTACK,58,Very High
Begusarai,BIHAR,17.41078092869951,87.44837145491235,53,BEGUSARAI,50,Very High
Katihar,BIHAR,17.361725993584006,87.122556656735,54,KATIHAR,65,Very High
Thiruvananthapuram,KERALA,17.350365322366642,87.047100949962,55,THIRUVANANTHAPURAM,231,Very High
Bankura,WEST BENGAL,17.31955291994364,86.84245004882082,56,BANKURA,21,Very High
Baleshwar,ODISHA,17.31748221832247,86.82869678976141,57,BALESHWAR,53,Very High
Malappuram,KERALA,17.302052893954528,86.72621775899484,58,MALAPPURAM,97,Very High
Raigarh,CHHATTISGARH,17.301913666593386,86.72529303379716,59,RAIGARH,52,Very High
Sawai Madhopur,RAJASTHAN,17.29473115217755,86.67758795622869,60,SAWAI MADHOPUR,25,Very High
Nagaon,ASSAM,17.238952599430498,86.30711599732966,61,NAGAON,178,Very High
Kurnool,ANDHRA PRADESH,17.238126513748753,86.30162927231328,62,KURNOOL,34,Very High
Basti,UTTAR PRADESH,17.214701565903344,86.14604462753502,63,BASTI,56,Very High
Varanasi,UTTAR PRADESH,17.20928123007672,86.11004364987096,64,VARANASI,55,Very High
Visakhapatnam,ANDHRA PRADESH,17.206748814948707,86.09322376575753,65,VISAKHAPATNAM,26,Very High
Thrissur,KERALA,17.200701537959194,86.0530587481661,66,THRISSUR,91,Very High
Bara Banki,UTTAR PRADESH,17.20010241203816,86.04907945249309,67,BARA BANKI,71,Very High
Karimganj,ASSAM,17.19490183397846,86.01453806971607,68,KARIMGANJ,107,Very High
Tinsukia,ASSAM,17.191385633985888,85.99118404859193,69,TINSUKIA,78,Very High
Kottayam,KERALA,17.17757331913893,85.89944492869243,70,KOTTAYAM,102,Very High
Pratapgarh,UTTAR PRADESH,17.176322542772045,85.891137478105,71,PRATAPGARH,57,Very High
Saran,BIHAR,17.163889217193876,85.80855737776676,72,SARAN,52,Very High
Hamirpur,UTTAR PRADESH,17.140789966571763,85.65513596029324,73,HAMIRPUR,116,Very High
Kolhapur,MAHARASHTRA,17.133566360241808,85.6071579570003,74,KOLHAPUR,54,Very High
Bharatpur,RAJASTHAN,17.131242714643918,85.59172468571516,75,BHARATPUR,30,Very High
Supaul,BIHAR,17.111278582391943,85.45912620800547,76,SUPAUL,47,Very High
Kannur,KERALA,17.10860522742122,85.44137022467389,77,KANNUR,91,Very High
Barpeta,ASSAM,17.072155278812332,85.1992756704437,78,BARPETA,165,Very High
Khagaria,BIHAR,17.067464382639127,85.16811951079646,79,KHAGARIA,53,Very High
Etawah,UTTAR PRADESH,17.067086494018813,85.16560963683024,80,ETAWAH,47,Very High
Jammu,JAMMU & KASHMIR,17.046325534618752,85.02771876446496,81,JAMMU,47,Very High
Cooch Behar,WEST BENGAL,17.04587802487752,85.02474647848234,82,COOCH BEHAR,33,Very High
Saharanpur,UTTAR PRADESH,17.04140679871483,84.99504933085854,83,SAHARANPUR,36,Very High
Ratnagiri,MAHARASHTRA,17.025442396530302,84.88901640137799,84,RATNAGIRI,65,Very High
East Godavari,ANDHRA PRADESH,17.021823993758144,84.86498356622779,85,EAST GODAVARI,39,Very High
Saharsa,BIHAR,17.01851798654835,84.84302561094162,86,SAHARSA,55,Very High
Thanjavur,TAMIL NADU,16.98285416233113,84.60615236542196,87,THANJAVUR,36,Very High
Meerut,UTTAR PRADESH,16.977844683490805,84.5728802321801,88,MEERUT,37,Very High
Howrah,WEST BENGAL,16.963762846672328,84.47935099174434,89,HOWRAH,26,Very High
Howrah,WEST BENGAL,16.963762846672328,84.47935099174434,89,HOWRAH,4,Very High
Pithoragarh,UTTARAKHAND,16.95882245057062,84.4465376946723,90,PITHORAGARH,27,Very High
Junagadh,GUJARAT,16.930629004549242,84.2592814705279,91,JUNAGADH,52,Very High
Gonda,UTTAR PRADESH,16.927312735081465,84.23725535501471,92,GONDA,71,Very High
Jaipur,RAJASTHAN,16.921200252666964,84.19665725373186,93,JAIPUR,47,Very High
Sonitpur,ASSAM,16.918268535297507,84.17718526990814,94,SONITPUR,161,Very High
Sivasagar,ASSAM,16.918155167420082,84.17643229914145,95,SIVASAGAR,129,Very High
Uttarkashi,UTTARAKHAND,16.914467976234626,84.1519425826817,96,UTTARKASHI,0,Very High
Parbhani,MAHARASHTRA,16.906483978740717,84.09891418653763,97,PARBHANI,52,Very High
Ernakulam,KERALA,16.88354555320735,83.94656094281073,98,ERNAKULAM,84,Very High
Kullu,HIMACHAL PRADESH,16.874404330835112,83.8858464496554,99,KULLU,96,Very High
Lucknow,UTTAR PRADESH,16.858658560379418,83.7812656361024,100,LUCKNOW,52,Very High
Faizabad,UTTAR PRADESH,16.85165548633664,83.73475237193243,101,FAIZABAD,0,Very High
Kozhikode,KERALA,16.80782668073376,83.44364866507333,102,KOZHIKODE,113,Very High
Goalpara,ASSAM,16.805708109763213,83.42957746568088,103,GOALPARA,141,Very High
Jorhat,ASSAM,16.78312101435033,83.27955769873931,104,JORHAT,136,Very High
Rudraprayag,UTTARAKHAND,16.76850435872075,83.18247627986138,105,RUDRAPRAYAG,0,Very High
Gopalganj,BIHAR,16.76771702942539,83.17724696837901,106,GOPALGANJ,48,Very High
Raichur,KARNATAKA,16.75793281018545,83.1122617959498,107,RAICHUR,58,Very High
Patiala,PUNJAB,16.73168616422408,82.93793589710596,108,PATIALA,53,Very High
Palakkad,KERALA,16.724680975555888,82.89140858794232,109,PALAKKAD,70,Very High
Vaishali,BIHAR,16.699429152017437,82.72369013575361,110,VAISHALI,45,Very High
Ballari,KARNATAKA,16.687776013211217,82.64629190743385,111,BALLARI,58,Very High
Jodhpur,RAJASTHAN,16.68515856127328,82.62890722283707,112,JODHPUR,43,Very High
Uttara Kannada,KARNATAKA,16.67968267591538,82.592537294337,113,UTTARA KANNADA,0,Very High
Jaunpur,UTTAR PRADESH,16.67693934713436,82.57431655648429,114,JAUNPUR,47,Very High
Dakshina Kannada,KARNATAKA,16.67252490434371,82.54499655466357,115,DAKSHINA KANNADA,75,Very High
Balaghat,MADHYA PRADESH,16.630218636838876,82.26400529504274,116,BALAGHAT,25,Very High
Chennai,TAMIL NADU,16.62215635244921,82.2104569302333,117,CHENNAI,58,Very High
Pratapgarh,UTTAR PRADESH,16.61975366631914,82.19449868475385,118,PRATAPGARH,57,Very High
Birbhum,WEST BENGAL,16.588413943958574,81.98634541145323,119,BIRBHUM,28,Very High
Sitamarhi,BIHAR,16.54083412285714,81.67032807756061,120,SITAMARHI,60,Very High
Chandrapur,MAHARASHTRA,16.530213646482306,81.59978862299876,121,CHANDRAPUR,64,Very High
Tiruchirappalli,TAMIL NADU,16.507546354019137,81.44923620046013,122,TIRUCHIRAPPALLI,29,Very High
Golaghat,ASSAM,16.50027274094674,81.40092606062154,123,GOLAGHAT,132,Very High
Aligarh,UTTAR PRADESH,16.49352826124584,81.35613033747184,124,ALIGARH,30,Very High
Darrang,ASSAM,16.49301020590384,81.35268949922997,125,DARRANG,157,Very High
Sindhudurg,MAHARASHTRA,16.48929416640429,81.3280081770202,126,SINDHUDURG,54,Very High
Bareilly,UTTAR PRADESH,16.485703008265663,81.30415629623788,127,BAREILLY,43,Very High
Jalaun,UTTAR PRADESH,16.4785904772343,81.25691603678065,128,JALAUN,33,Very High
Solapur,MAHARASHTRA,16.464257131913666,81.16171631830478,129,SOLAPUR,37,Very High
Bikaner,RAJASTHAN,16.457523131899894,81.11699019951067,130,BIKANER,36,Very High
Aurangabad,MAHARASHTRA,16.453444018807634,81.08989740230753,131,AURANGABAD,89,Very High
Munger,BIHAR,16.453027127776114,81.08712848075098,132,MUNGER,51,Very High
Muzaffarnagar,UTTAR PRADESH,16.43435970342118,80.96314252328568,133,MUZAFFARNAGAR,42,Very High
Ghazipur,UTTAR PRADESH,16.433974169994748,80.96058187377656,134,GHAZIPUR,1,Very High
Dhubri,ASSAM,16.416419374958934,80.84398581696452,135,DHUBRI,123,Very High
West Godavari,ANDHRA PRADESH,16.38794981720737,80.65489570419231,136,WEST GODAVARI,39,Very High
Barmer,RAJASTHAN,16.36665709469927,80.5134729488612,137,BARMER,24,Very High
Mathura,UTTAR PRADESH,16.360129491585603,80.47011768427767,138,MATHURA,36,Very High
Purnia,BIHAR,16.341519369758835,80.34651232076496,139,PURNIA,51,Very High
Dehradun,UTTARAKHAND,16.331394182480402,80.27926249479204,140,DEHRADUN,30,Very High
Nawada,BIHAR,16.329761098405058,80.26841581938288,141,NAWADA,38,Very High
Bid,MAHARASHTRA,16.327195488559887,80.25137546142628,142,BID,0,Very High
Amritsar,PUNJAB,16.326198333448385,80.24475252143787,143,AMRITSAR,49,Very High
Aurangabad,MAHARASHTRA,16.29758908817163,80.05473462713418,144,AURANGABAD,89,Very High
Balrampur,UTTAR PRADESH,16.273890154213387,79.89733021172842,145,BALRAMPUR,37,Very High
Kalaburagi,KARNATAKA,16.27130403580589,79.88015363927924,146,KALABURAGI,53,Very High
Hardoi,UTTAR PRADESH,16.246358522053228,79.71446964622906,147,HARDOI,46,Very High
Dakshin Dinajpur,WEST BENGAL,16.243608173190268,79.69620228214852,148,DAKSHIN DINAJPUR,38,Very High
Unnao,UTTAR PRADESH,16.230177745178764,79.60699959170158,149,UNNAO,45,Very High
Raigarh,MAHARASHTRA,16.20634326085652,79.44869487310746,150,RAIGARH,52,Very High
Jalgaon,MAHARASHTRA,16.203766218047182,79.4315785792862,151,JALGAON,47,Very High
Moradabad,UTTAR PRADESH,16.170468649462784,79.2104216138845,152,MORADABAD,37,Very High
Nalanda,BIHAR,16.16893638177635,79.20024454432294,153,NALANDA,44,Very High
Bulandshahr,UTTAR PRADESH,16.156742626782666,79.11925563234217,154,BULANDSHAHR,33,Very High
Mandi,HIMACHAL PRADESH,16.145166319236747,79.04236770459686,155,MANDI,89,Very High
Araria,BIHAR,16.139375553110227,79.00390638990218,156,ARARIA,43,Very High
Wayanad,KERALA,16.135483336003308,78.97805492504614,157,WAYANAD,149,Very High
Jalandhar,PUNJAB,16.12634939775498,78.9173888118419,158,JALANDHAR,46,Very High
Kasaragod,KERALA,16.122794226826645,78.89377595218214,159,KASARAGOD,67,Very High
Budaun,UTTAR PRADESH,16.11888766407801,78.867829205937,160,BUDAUN,35,Very High
Firozabad,UTTAR PRADESH,16.085013203174043,78.64284061678069,161,FIROZABAD,33,Very High
Mirzapur,UTTAR PRADESH,16.08213687752855,78.62373653566281,162,MIRZAPUR,47,Very High
Banda,UTTAR PRADESH,16.059900808320847,78.47604822695122,163,BANDA,34,Very High
Kanpur Dehat,UTTAR PRADESH,16.056076897408293,78.45065044058603,164,KANPUR DEHAT,0,Very High
Sultanpur,UTTAR PRADESH,16.055801690738456,78.44882256321999,165,SULTANPUR,46,Very High
Gaya,BIHAR,16.047065958457697,78.39080126845556,166,GAYA,42,Very High
Kanpur Nagar,UTTAR PRADESH,16.037032577580113,78.32416120547374,167,KANPUR NAGAR,1,Very High
Kanpur Nagar,UTTAR PRADESH,16.037032577580113,78.32416120547374,167,KANPUR NAGAR,5,Very High
Alwar,RAJASTHAN,16.035513548288417,78.31407206314924,168,ALWAR,38,Very High
Gadchiroli,MAHARASHTRA,16.028387315575035,78.26674079937713,169,GADCHIROLI,58,Very High
Hamirpur,HIMACHAL PRADESH,16.006186764037174,78.11928839317778,170,HAMIRPUR,116,Very High
Vadodara,GUJARAT,15.994498844329868,78.0416591558425,171,VADODARA,37,High
Pathanamthitta,KERALA,15.993823606127968,78.03717433493802,172,PATHANAMTHITTA,75,High
Pali,RAJASTHAN,15.976500768955797,77.92211890404566,173,PALI,31,High
Vizianagaram,ANDHRA PRADESH,15.961001525134424,77.81917547978732,174,VIZIANAGARAM,17,High
Kolkata,WEST BENGAL,15.957336198809111,77.7948309861268,175,KOLKATA,73,High
Krishna,ANDHRA PRADESH,15.957324083169675,77.79475051604548,176,KRISHNA,37,High
Siwan,BIHAR,15.941828102345882,77.69182876407952,177,SIWAN,45,High
Jalor,RAJASTHAN,15.941008821581091,77.68638723620057,178,JALOR,0,High
Wardha,MAHARASHTRA,15.93909113222713,77.67365025941412,179,WARDHA,70,High
Raigarh,MAHARASHTRA,15.937498816793196,77.66307436260536,180,RAIGARH,52,High
Morigaon,ASSAM,15.894310472731716,77.37622449580046,181,MORIGAON,0,High
Fatehpur,UTTAR PRADESH,15.880027904370005,77.28136202952122,182,FATEHPUR,48,High
Tonk,RAJASTHAN,15.834013405214002,76.97574130613337,183,TONK,25,High
Bundi,RAJASTHAN,15.82948386480906,76.94565684491866,184,BUNDI,30,High
Kangra,HIMACHAL PRADESH,15.827797199316024,76.9344542905597,185,KANGRA,100,High
Surendranagar,GUJARAT,15.827202884851877,76.93050695179075,186,SURENDRANAGAR,35,High
Kishanganj,BIHAR,15.818143694114555,76.8703372992414,187,KISHANGANJ,44,High
Coimbatore,TAMIL NADU,15.81294135542745,76.83578422266719,188,COIMBATORE,33,High
Nashik,MAHARASHTRA,15.8107558547062,76.82126848689596,189,NASHIK,86,High
Shahjahanpur,UTTAR PRADESH,15.810738427976837,76.82115274143028,190,SHAHJAHANPUR,37,High
Bhandara,MAHARASHTRA,15.806534648057134,76.79323192769574,191,BHANDARA,58,High
Balrampur,UTTAR PRADESH,15.795300126674809,76.71861408734627,192,BALRAMPUR,37,High
Kheda,GUJARAT,15.780664183908018,76.62140456648015,193,KHEDA,26,High
Hailakandi,ASSAM,15.767161467507034,76.53172174845841,194,HAILAKANDI,85,High
Bhojpur,BIHAR,15.752007841506035,76.43107386082906,195,BHOJPUR,50,High
Prakasam,ANDHRA PRADESH,15.737687231974204,76.33595873136441,196,PRAKASAM,32,High
Dharwad,KARNATAKA,15.72960889374524,76.28230373959894,197,DHARWAD,56,High
Balrampur,CHHATTISGARH,15.71565822290066,76.18964568195472,198,BALRAMPUR,37,High
Bengaluru Rural,KARNATAKA,15.693701586601923,76.04381332059327,199,BENGALURU RURAL,84,High
Pratapgarh,RAJASTHAN,15.69178815766196,76.03110464077479,200,PRATAPGARH,57,High
Jhansi,UTTAR PRADESH,15.684866276313064,75.98513064510261,201,JHANSI,25,High
Amreli,GUJARAT,15.68483276196048,75.9849080482936,202,AMRELI,39,High
Cuddalore,TAMIL NADU,15.662049981665302,75.83358857459919,203,CUDDALORE,30,High
Bilaspur,CHHATTISGARH,15.634530172393664,75.65080653477779,204,BILASPUR,62,High
Ajmer,RAJASTHAN,15.626895014531897,75.60009507400578,205,AJMER,41,High
Hamirpur,HIMACHAL PRADESH,15.610149140422228,75.48887173673097,206,HAMIRPUR,116,High
Madurai,TAMIL NADU,15.602727307977238,75.43957714823591,207,MADURAI,21,High
Madhepura,BIHAR,15.593342755837629,75.37724649884964,208,MADHEPURA,45,High
Akola,MAHARASHTRA,15.578364230579806,75.27776160151195,209,AKOLA,67,High
Gurdaspur,PUNJAB,15.565982611007676,75.19552492394827,210,GURDASPUR,45,High
Koraput,ODISHA,15.560269755580746,75.15758107928596,211,KORAPUT,45,High
Bhilwara,RAJASTHAN,15.558022770832022,75.1426569767326,212,BHILWARA,25,High
Banas Kantha,GUJARAT,15.557662783463703,75.14026599993322,213,BANAS KANTHA,23,High
Nalbari,ASSAM,15.551852487901126,75.10167497394137,214,NALBARI,136,High
Kinnaur,HIMACHAL PRADESH,15.549731350637837,75.08758672965527,215,KINNAUR,59,High
Valsad,GUJARAT,15.547421370787786,75.07224422401612,216,VALSAD,38,High
Ramanathapuram,TAMIL NADU,15.515402596471082,74.85958079948361,217,RAMANATHAPURAM,15,High
Nagapattinam,TAMIL NADU,15.510547035317163,74.82733096215988,218,NAGAPATTINAM,27,High
Mysuru,KARNATAKA,15.49929207355667,74.7525773601858,219,MYSURU,51,High
Viluppuram,TAMIL NADU,15.458700034241383,74.4829717218137,220,VILUPPURAM,25,High
Churu,RAJASTHAN,15.457609817828727,74.47573068399308,221,CHURU,20,High
Kannauj,UTTAR PRADESH,15.449324962770856,74.4207040414697,222,KANNAUJ,33,High
Bangalore,KARNATAKA,15.439242120141657,74.35373546168152,223,BANGALORE,0,High
Sangli,MAHARASHTRA,15.438451271929043,74.34848277813042,224,SANGLI,32,High
Bijapur,CHHATTISGARH,15.438205824489648,74.34685255667071,225,BIJAPUR,36,High
Rohtas,BIHAR,15.415270144390568,74.19451754766608,226,ROHTAS,33,High
Bilaspur,HIMACHAL PRADESH,15.413478259569072,74.18261614386037,227,BILASPUR,62,High
Mainpuri,UTTAR PRADESH,15.403048909170366,74.11334611654765,228,MAINPURI,34,High
Amethi,UTTAR PRADESH,15.387214003222002,74.0081732797357,229,AMETHI,33,High
Pilibhit,UTTAR PRADESH,15.377845702339462,73.94595056852177,230,PILIBHIT,35,High
Aizawl,MIZORAM,15.373862352432583,73.91949381462078,231,AIZAWL,19,High
Karbi Anglong,ASSAM,15.362021962889797,73.84085189775472,232,KARBI ANGLONG,74,High
Navsari,GUJARAT,15.33375021700011,73.65307561878338,233,NAVSARI,30,High
Purba Bardhaman,WEST BENGAL,15.321666311237394,73.57281630729918,234,PURBA BARDHAMAN,5,High
Purba Bardhaman,WEST BENGAL,15.321666311237394,73.57281630729918,234,PURBA BARDHAMAN,5,High
Anantapur,ANDHRA PRADESH,15.3202557247576,73.56344742426744,235,ANANTAPUR,0,High
Sri Potti Sriramulu Nell*,ANDHRA PRADESH,15.305835568857868,73.46767112422556,236,SRI POTTI SRIRAMULU NELL,0,High
Ludhiana,PUNJAB,15.295306737527335,73.39774036095122,237,LUDHIANA,38,High
Srikakulam,ANDHRA PRADESH,15.261049338054017,73.17020835689905,238,SRIKAKULAM,22,High
Balrampur,CHHATTISGARH,15.237068195362085,73.01092955757261,239,BALRAMPUR,37,High
Kendrapara,ODISHA,15.214873218557004,72.86351417783006,240,KENDRAPARA,31,High
Bidar,KARNATAKA,15.210263157247708,72.83289491003289,241,BIDAR,0,High
Kendujhar,ODISHA,15.190476797786722,72.70147716991633,242,KENDUJHAR,37,High
Banka,BIHAR,15.16369520645247,72.5235982520278,243,BANKA,35,High
Sambhal,UTTAR PRADESH,15.160659531247893,72.50343579738826,244,SAMBHAL,30,High
West Nimar,MADHYA PRADESH,15.15254210391885,72.44952118225926,245,WEST NIMAR,0,High
Ganganagar,RAJASTHAN,15.146737991741976,72.41097122529663,246,GANGANAGAR,24,High
Punch,JAMMU & KASHMIR,15.139791863648927,72.364836186744,247,PUNCH,0,High
Sambalpur,ODISHA,15.13820084693786,72.35426891583859,248,SAMBALPUR,36,High
Gautam Buddha Nagar,UTTAR PRADESH,15.137927295438988,72.35245203184544,249,GAUTAM BUDDHA NAGAR,29,High
Pratapgarh,RAJASTHAN,15.135219281209052,72.3344658474236,250,PRATAPGARH,57,High
South Twenty Four Pargan*,WEST BENGAL,15.125565011678852,72.27034377955978,251,SOUTH TWENTY FOUR PARGAN,0,High
Kasganj,UTTAR PRADESH,15.10167008257926,72.11163759671162,252,KASGANJ,27,High
Puri,ODISHA,15.10138817904642,72.10976523988471,253,PURI,42,High
Mumbai,MAHARASHTRA,15.096322280834936,72.07611837847364,254,MUMBAI,172,High
Jaisalmer,RAJASTHAN,15.080382269472423,71.970247448815,255,JAISALMER,19,High
Gadag,KARNATAKA,15.077883110523665,71.95364844676587,256,GADAG,40,High
Kokrajhar,ASSAM,15.045468181811822,71.73835382999967,257,KOKRAJHAR,74,High
Baran,RAJASTHAN,15.039160483347256,71.6964591358704,258,BARAN,27,High
Sirsa,HARYANA,15.03133710706316,71.64449755934264,259,SIRSA,22,High
Bijnor,UTTAR PRADESH,15.029465062390958,71.63206374701335,260,BIJNOR,31,High
Bhadrak,ODISHA,15.017488855468349,71.55251975348378,261,BHADRAK,32,High
Mayurbhanj,ODISHA,15.016612155483823,71.54669685660609,262,MAYURBHANJ,31,High
Buxar,BIHAR,15.01252575840675,71.5195556803757,263,BUXAR,37,High
Bilaspur,CHHATTISGARH,15.010063257516087,71.50320015510972,264,BILASPUR,62,High
Bongaigaon,ASSAM,15.001631836615058,71.4472000464,265,BONGAIGAON,89,High
Baramula,JAMMU & KASHMIR,14.999944827865958,71.4359952121908,266,BARAMULA,0,High
Jalna,MAHARASHTRA,14.992897194017871,71.38918598913435,267,JALNA,45,High
Lakhisarai,BIHAR,14.989151061334136,71.36430479295248,268,LAKHISARAI,36,High
Sheohar,BIHAR,14.98702657896984,71.35019433105656,269,SHEOHAR,42,High
Farrukhabad,UTTAR PRADESH,14.975491783899162,71.27358212233341,270,FARRUKHABAD,39,High
Belagavi,KARNATAKA,14.974630688320827,71.26786286735108,271,BELAGAVI,65,High
Kaimur (bhabua),BIHAR,14.971136972647972,71.24465818337465,272,KAIMUR (BHABUA),34,High
Chittoor,ANDHRA PRADESH,14.968531993958036,71.22735634403637,273,CHITTOOR,19,High
Amroha,UTTAR PRADESH,14.964340640710867,71.19951806621374,274,AMROHA,29,High
Kalahandi,ODISHA,14.95201812997386,71.11767397979587,275,KALAHANDI,35,High
Firozpur,PUNJAB,14.946469180526158,71.08081877164726,276,FIROZPUR,0,High
Patan,GUJARAT,14.916492724107847,70.88172008616317,277,PATAN,20,High
Chamba,HIMACHAL PRADESH,14.895307241291423,70.7410095991985,278,CHAMBA,74,High
Ghaziabad,UTTAR PRADESH,14.894861635598293,70.73804995958972,279,GHAZIABAD,32,High
Bhavnagar,GUJARAT,14.866710246249184,70.55107306893447,280,BHAVNAGAR,39,High
Salem,TAMIL NADU,14.8645723747814,70.53687367881878,281,SALEM,16,High
Etah,UTTAR PRADESH,14.857222982218246,70.4880602240858,282,ETAH,34,High
Tiruvannamalai,TAMIL NADU,14.853012994402956,70.46009817853141,283,TIRUVANNAMALAI,25,High
Mahesana,GUJARAT,14.85260955635632,70.45741860948432,284,MAHESANA,21,High
Baksa,ASSAM,14.8521292715311,70.45422863679292,285,BAKSA,109,High
Haveri,KARNATAKA,14.846701945959106,70.41818123439154,286,HAVERI,27,High
Jehanabad,BIHAR,14.842210309592142,70.38834852555313,287,JEHANABAD,33,High
Hisar,HARYANA,14.841568140078657,70.38408334142967,288,HISAR,21,High
Dhenkanal,ODISHA,14.83228359745756,70.32241693879068,289,DHENKANAL,28,High
Idukki,KERALA,14.830320339480933,70.30937730271903,290,IDUKKI,116,High
Palghar,MAHARASHTRA,14.821020652118024,70.24761031119975,291,PALGHAR,35,High
Sirmaur,HIMACHAL PRADESH,14.806329363348578,70.15003319130118,292,SIRMAUR,63,High
Yadgir,KARNATAKA,14.804164824424284,70.13565668033229,293,YADGIR,23,High
Raisen,MADHYA PRADESH,14.793973354915757,70.06796661870582,294,RAISEN,18,High
Uttar Dinajpur,WEST BENGAL,14.792902568137231,70.06085462931443,295,UTTAR DINAJPUR,0,High
Bilaspur,HIMACHAL PRADESH,14.789011344691492,70.03500976419228,296,BILASPUR,62,High
Buldana,MAHARASHTRA,14.778399410216522,69.96452704352222,297,BULDANA,0,High
West Tripura,TRIPURA,14.77717186516576,69.95637389150957,298,WEST TRIPURA,35,High
Rewa,MADHYA PRADESH,14.768595828074591,69.89941326588767,299,REWA,21,High
Garhwal,UTTARAKHAND,14.763560782047266,69.86597131960146,300,GARHWAL,24,High
Anantnag,JAMMU & KASHMIR,14.756466762456736,69.81885401008483,301,ANANTNAG,36,High
Raipur,CHHATTISGARH,14.7538608107357,69.80154570803428,302,RAIPUR,26,High
Chandauli,UTTAR PRADESH,14.75193730729792,69.78877011506086,303,CHANDAULI,25,High
Anand,GUJARAT,14.750432819149474,69.77877755261446,304,ANAND,16,High
Kandhamal,ODISHA,14.724730115877072,69.60806443150663,305,KANDHAMAL,32,High
Hojai,ASSAM,14.688703399179165,69.36878091390982,306,HOJAI,77,High
Kollam,KERALA,14.687865175552338,69.36321357066169,307,KOLLAM,95,High
Sagar,MADHYA PRADESH,14.673597686558567,69.26845125906027,308,SAGAR,25,High
Pulwama,JAMMU & KASHMIR,14.653153505632142,69.13266437713371,309,PULWAMA,32,High
Sant Kabir Nagar,UTTAR PRADESH,14.638923672830568,69.03815217175773,310,SANT KABIR NAGAR,31,High
Erode,TAMIL NADU,14.637086139673444,69.02594757922645,311,ERODE,17,High
Shrawasti,UTTAR PRADESH,14.636054820548718,69.01909772749008,312,SHRAWASTI,1,High
Jajapur,ODISHA,14.634660263004424,69.00983530600749,313,JAJAPUR,25,High
Mandya,KARNATAKA,14.626883248678867,68.9581816579711,314,MANDYA,30,High
Auraiya,UTTAR PRADESH,14.613329857835854,68.86816226865304,315,AURAIYA,29,High
Rampur,UTTAR PRADESH,14.611820675964706,68.85813853127364,316,RAMPUR,32,High
Jhalawar,RAJASTHAN,14.608564014472394,68.83650832211423,317,JHALAWAR,30,High
Arwal,BIHAR,14.60179082289652,68.79152189942069,318,ARWAL,33,High
Kodagu,KARNATAKA,14.593232577967798,68.73467944641087,319,KODAGU,61,High
Chitradurga,KARNATAKA,14.586114591603268,68.6874029535294,320,CHITRADURGA,34,High
Rae Bareli,UTTAR PRADESH,14.578343910610434,68.63579137044566,321,RAE BARELI,35,High
Shivamogga,KARNATAKA,14.573367465271405,68.60273864027778,322,SHIVAMOGGA,44,High
Davanagere,KARNATAKA,14.5671206333669,68.5612482118138,323,DAVANAGERE,0,High
Udalguri,ASSAM,14.55326951500184,68.46925136533922,324,UDALGURI,72,High
Rupnagar,PUNJAB,14.55015296383351,68.4485517458712,325,RUPNAGAR,41,High
Kolar,KARNATAKA,14.532189534439569,68.32924160696714,326,KOLAR,28,High
Kushinagar,UTTAR PRADESH,14.5257316692209,68.28634952999421,327,KUSHINAGAR,28,High
Panch Mahals,GUJARAT,14.51254197973977,68.19874578520894,328,PANCH MAHALS,25,High
Solan,HIMACHAL PRADESH,14.504602095216216,68.1460103801472,329,SOLAN,66,High
Charaideo,ASSAM,14.498483193678696,68.1053696441067,330,CHARAIDEO,38,High
Doda,JAMMU & KASHMIR,14.487666525517204,68.03352711601671,331,DODA,33,High
Yavatmal,MAHARASHTRA,14.48260719028669,67.9999238448441,332,YAVATMAL,73,High
Chitrakoot,UTTAR PRADESH,14.4798686527041,67.98173492934208,333,CHITRAKOOT,29,High
Upper Siang,ARUNACHAL PRADESH,14.46874306085235,67.90784058099068,334,UPPER SIANG,23,High
Jabalpur,MADHYA PRADESH,14.46779199915463,67.90152378586357,335,JABALPUR,31,High
Koppal,KARNATAKA,14.465288797483144,67.88489793271604,336,KOPPAL,25,High
Kaushambi,UTTAR PRADESH,14.462724521248196,67.86786643237885,337,KAUSHAMBI,32,High
Dindigul,TAMIL NADU,14.460504975996663,67.85312457844569,338,DINDIGUL,19,High
Hassan,KARNATAKA,14.452359136779716,67.79902125623752,339,HASSAN,43,High
Kapurthala,PUNJAB,14.437077915657298,67.69752590283056,340,KAPURTHALA,40,High
Sikar,RAJASTHAN,14.433744535144232,67.67538613857329,341,SIKAR,21,High
Bathinda,PUNJAB,14.432439103601508,67.66671567731132,342,BATHINDA,42,High
Sirohi,RAJASTHAN,14.414967587255116,67.55067274383586,343,SIROHI,23,High
Ambala,HARYANA,14.403936732301004,67.47740762235244,344,AMBALA,33,High
Biswanath,ASSAM,14.377846930502969,67.30412345660443,345,BISWANATH,87,High
Ambedkar Nagar,UTTAR PRADESH,14.34664676935026,67.09689712585634,346,AMBEDKAR NAGAR,32,High
Hoshiarpur,PUNJAB,14.345076149771591,67.08646532934429,347,HOSHIARPUR,41,High
Mau,UTTAR PRADESH,14.344909064687036,67.08535557773673,348,MAU,29,High
Adilabad,TELANGANA,14.340837653964073,67.05831393840167,349,ADILABAD,25,High
Chengalpattu,TAMIL NADU,14.338825559345638,67.0449499374,350,CHENGALPATTU,13,High
Chirang,ASSAM,14.327177071038736,66.96758259693065,351,CHIRANG,95,High
Dhaulpur,RAJASTHAN,14.322869345442635,66.93897139313651,352,DHAULPUR,0,High
Gir Somnath,GUJARAT,14.319257269450071,66.91498057941416,353,GIR SOMNATH,33,High
Y.S.R.,ANDHRA PRADESH,14.315856218355387,66.89239135830121,354,YSR,22,High
Porbandar,GUJARAT,14.31098938483066,66.86006665174747,355,PORBANDAR,28,High
Badgam,JAMMU & KASHMIR,14.282593564658416,66.67146629183026,356,BADGAM,0,High
Indore,MADHYA PRADESH,14.276474793430763,66.6308264212864,357,INDORE,35,High
Latur,MAHARASHTRA,14.271939876754926,66.60070625176604,358,LATUR,44,High
Rajouri,JAMMU & KASHMIR,14.26711792280496,66.56867962795482,359,RAJOURI,33,High
Mahrajganj,UTTAR PRADESH,14.2467026717813,66.43308489367678,360,MAHRAJGANJ,26,High
Udhampur,JAMMU & KASHMIR,14.21953874401665,66.25266656020014,361,UDHAMPUR,29,High
West Siang,ARUNACHAL PRADESH,14.206931820531816,66.16893345116274,362,WEST SIANG,24,High
Sundargarh,ODISHA,14.201704186966252,66.13421237017265,363,SUNDARGARH,23,High
Ranchi,JHARKHAND,14.197119998803474,66.10376494755256,364,RANCHI,20,High
Satara,MAHARASHTRA,14.196438317671806,66.09923733376993,365,SATARA,51,High
The Dangs,GUJARAT,14.193027581514269,66.07658378606494,366,THE DANGS,1,High
Sangrur,PUNJAB,14.183626924681889,66.01414617196222,367,SANGRUR,32,High
The Nilgiris,TAMIL NADU,14.181521521398048,66.00016243017575,368,THE NILGIRIS,27,High
Nainital,UTTARAKHAND,14.17404358957349,65.9504952388429,369,NAINITAL,18,High
Paschim Bardhaman,WEST BENGAL,14.167484802131147,65.90693285308531,370,PASCHIM BARDHAMAN,0,High
Gandhinagar,GUJARAT,14.150495722380777,65.79409418400843,371,GANDHINAGAR,20,High
Nayagarh,ODISHA,14.147611779485713,65.77493951037371,372,NAYAGARH,25,High
Nandurbar,MAHARASHTRA,14.135883571377343,65.69704268411529,373,NANDURBAR,22,High
Karnal,HARYANA,14.130339778285856,65.66022172363523,374,KARNAL,24,High
South Salmara Mancachar,ASSAM,14.088728871221644,65.3838489335137,375,SOUTH SALMARA MANCACHAR,51,High
Jamui,BIHAR,14.080780697205766,65.33105847100948,376,JAMUI,31,High
Baghpat,UTTAR PRADESH,14.060014261552078,65.19313122626973,377,BAGHPAT,28,High
Reasi,JAMMU & KASHMIR,14.047250900942071,65.10835908761696,378,REASI,24,High
Ujjain,MADHYA PRADESH,14.028002398535865,64.98051370545659,379,UJJAIN,25,High
Shamli,UTTAR PRADESH,14.024477523954967,64.95710206914576,380,SHAMLI,27,High
Thiruvarur,TAMIL NADU,13.980877190636448,64.66751583756295,381,THIRUVARUR,22,High
Bhadohi,UTTAR PRADESH,13.979632076415218,64.65924599401421,382,BHADOHI,23,High
Ganderbal,JAMMU & KASHMIR,13.968864401256017,64.5877288693748,383,GANDERBAL,23,High
Chhindwara,MADHYA PRADESH,13.955243811560596,64.49726315634877,384,CHHINDWARA,28,High
Sheikhpura,BIHAR,13.952974381669137,64.48218997685474,385,SHEIKHPURA,32,High
Hapur,UTTAR PRADESH,13.946634127067115,64.44007905022346,386,HAPUR,26,High
Morena,MADHYA PRADESH,13.939282508437586,64.39125081032432,387,MORENA,18,High
Sabar Kantha,GUJARAT,13.935683700651056,64.36734812184075,388,SABAR KANTHA,28,High
East Siang,ARUNACHAL PRADESH,13.92916281791021,64.32403749286645,389,EAST SIANG,23,High
Tehri Garhwal,UTTARAKHAND,13.928911332831516,64.3223671704011,390,TEHRI GARHWAL,26,High
Chikkamagaluru,KARNATAKA,13.92807228565061,64.31679435724244,391,CHIKKAMAGALURU,22,High
Krishnagiri,TAMIL NADU,13.915616759115895,64.23406680180803,392,KRISHNAGIRI,18,High
Nagaur,RAJASTHAN,13.9140218797126,64.22347387553712,393,NAGAUR,20,High
Vellore,TAMIL NADU,13.909700707778669,64.19477336338217,394,VELLORE,18,High
Puruliya,WEST BENGAL,13.90934183977769,64.19238982123628,395,PURULIYA,0,High
Dhule,MAHARASHTRA,13.905379214570328,64.1660707173755,396,DHULE,25,High
Pudukkottai,TAMIL NADU,13.88705312286014,64.04435183510859,397,PUDUKKOTTAI,18,High
Virudhunagar,TAMIL NADU,13.884611316574295,64.02813375999877,398,VIRUDHUNAGAR,14,High
Vidisha,MADHYA PRADESH,13.879084524896264,63.991425720106236,399,VIDISHA,25,High
Khammam,TELANGANA,13.876207135960096,63.972314576786836,400,KHAMMAM,41,High
Bhiwani,HARYANA,13.861181519056318,63.87251690449419,401,BHIWANI,20,High
Jamnagar,GUJARAT,13.855960916031115,63.83784251919504,402,JAMNAGAR,32,High
Kishtwar,JAMMU & KASHMIR,13.851620129028582,63.80901172698563,403,KISHTWAR,24,High
Khordha,ODISHA,13.849602114839051,63.795608409167905,404,KHORDHA,29,High
Papum Pare,ARUNACHAL PRADESH,13.819670181121646,63.59680543612895,405,PAPUM PARE,29,High
West Karbi Anglong,ASSAM,13.792560401075464,63.416746742878594,406,WEST KARBI ANGLONG,24,High
Dima Hasao,ASSAM,13.785682728615216,63.371066375362275,407,DIMA HASAO,80,High
Rayagada,ODISHA,13.778353303027748,63.32238553799262,408,RAYAGADA,21,High
Ahmadnagar,MAHARASHTRA,13.744180643719863,63.09541636415994,409,AHMADNAGAR,0,High
Guna,MADHYA PRADESH,13.740949040317725,63.07395258670763,410,GUNA,19,High
East District,SIKKIM,13.733855784396166,63.02684034935453,411,EAST DISTRICT,0,High
Jind,HARYANA,13.731396627652702,63.01050703536334,412,JIND,25,High
Majuli,ASSAM,13.73119882779235,63.00919328127461,413,MAJULI,75,High
Rohtak,HARYANA,13.710172868710089,62.86954232467379,414,ROHTAK,21,High
Hoshangabad,MADHYA PRADESH,13.706241370677152,62.843429962377925,415,HOSHANGABAD,0,High
Thiruvallur,TAMIL NADU,13.673875251994277,62.628459533783634,416,THIRUVALLUR,20,High
Balangir,ODISHA,13.663829374845571,62.56173647262754,417,BALANGIR,20,High
Leh,LADAKH,13.64846403214242,62.45968239753877,418,LEH,0,High
Narmada,GUJARAT,13.624414483992092,62.29994926042613,419,NARMADA,25,High
Sehore,MADHYA PRADESH,13.624297549713402,62.299172602209765,420,SEHORE,23,High
Morbi,GUJARAT,13.62129132955512,62.27920578313558,421,MORBI,25,High
Bargarh,ODISHA,13.614087660258908,62.2313601983365,422,BARGARH,31,High
Hathras,UTTAR PRADESH,13.565689697624794,61.90990890315694,423,HATHRAS,26,High
Dewas,MADHYA PRADESH,13.55760707742869,61.85622547127109,424,DEWAS,16,High
Banswara,RAJASTHAN,13.54361333571918,61.76328134403711,425,BANSWARA,28,High
Aravalli,GUJARAT,13.53249300044823,61.68942190902945,426,ARAVALLI,0,High
Warangal Rural,TELANGANA,13.50247233551987,61.49002959790412,427,WARANGAL RURAL,0,High
Betul,MADHYA PRADESH,13.474591542759846,61.304849965217976,428,BETUL,23,High
Kancheepuram,TAMIL NADU,13.470096546622718,61.27499494133958,429,KANCHEEPURAM,15,High
Kaithal,HARYANA,13.45663716226992,61.185599927643764,430,KAITHAL,14,High
Kathua,JAMMU & KASHMIR,13.453405870231894,61.164138218220586,431,KATHUA,29,High
North Tripura,TRIPURA,13.425164734923865,60.97656524969012,432,NORTH TRIPURA,29,High
Chikkaballapura,KARNATAKA,13.40917971659012,60.870395391142615,433,CHIKKABALLAPURA,36,High
Botad,GUJARAT,13.385629591123912,60.713979337227606,434,BOTAD,26,High
Kallakurichi,TAMIL NADU,13.373623675453258,60.634238023087484,435,KALLAKURICHI,10,High
Tawang,ARUNACHAL PRADESH,13.365469548955232,60.58007965812357,436,TAWANG,32,High
Udaipur,RAJASTHAN,13.340999144048794,60.417551259764956,437,UDAIPUR,37,High
Tiruppur,TAMIL NADU,13.330983392681423,60.35102828908583,438,TIRUPPUR,13,High
Sonipat,HARYANA,13.321513999514549,60.28813413957238,439,SONIPAT,29,High
Karur,TAMIL NADU,13.300072728632385,60.14572475041125,440,KARUR,13,High
Bastar,CHHATTISGARH,13.274181260306246,59.973757882911926,441,BASTAR,10,High
Medak,TELANGANA,13.270380934338942,59.948516743867906,442,MEDAK,19,High
Gondiya,MAHARASHTRA,13.257668751528763,59.86408451973103,443,GONDIYA,0,High
Sivaganga,TAMIL NADU,13.241569375849704,59.757155118534136,444,SIVAGANGA,8,High
Dausa,RAJASTHAN,13.21177452936812,59.559262656333026,445,DAUSA,15,High
Yamunanagar,HARYANA,13.206928094938394,59.52707343720793,446,YAMUNANAGAR,25,High
Mahisagar,GUJARAT,13.187004050682395,59.39474121736378,447,MAHISAGAR,14,High
Namakkal,TAMIL NADU,13.186444809565328,59.39102682998847,448,NAMAKKAL,13,High
Nizamabad,TELANGANA,13.178789742186606,59.34018313348456,449,NIZAMABAD,28,High
Warangal Urban,TELANGANA,13.167522816940686,59.265350072011024,450,WARANGAL URBAN,0,High
Baudh,ODISHA,13.156021760829558,59.188961951899344,451,BAUDH,0,High
Ramban,JAMMU & KASHMIR,13.13604914030907,59.056307096508476,452,RAMBAN,26,High
Bhind,MADHYA PRADESH,13.121998929581226,58.96298791135691,453,BHIND,16,High
Rajnandgaon,CHHATTISGARH,13.118907039563627,58.942452087189615,454,RAJNANDGAON,13,High
Subarnapur,ODISHA,13.102763511412055,58.83522943254354,455,SUBARNAPUR,20,High
Tapi,GUJARAT,13.096050919214967,58.79064550094133,456,TAPI,26,High
Ariyalur,TAMIL NADU,13.089804218720658,58.74915594528225,457,ARIYALUR,14,High
Gwalior,MADHYA PRADESH,13.086771542139497,58.72901340700547,458,GWALIOR,21,High
Bandipore,JAMMU & KASHMIR,13.083772934787342,58.70909715093552,459,BANDIPORE,0,High
Faridabad,HARYANA,13.063797652273236,58.57642461502155,460,FARIDABAD,19,High
Ramanagara,KARNATAKA,13.056740386416603,58.529551417751016,461,RAMANAGARA,14,High
Sonbhadra,UTTAR PRADESH,13.056183216198006,58.52585078494219,462,SONBHADRA,29,High
Palamu,JHARKHAND,13.05444301227634,58.51429263715973,463,PALAMU,9,High
Nuapada,ODISHA,13.038948634816052,58.41138153447004,464,NUAPADA,19,High
Udupi,KARNATAKA,13.008514448906736,58.20924268510884,465,UDUPI,39,High
Mansa,PUNJAB,13.005437411372714,58.18880550869081,466,MANSA,29,High
West Kameng,ARUNACHAL PRADESH,12.988574519395987,58.076804958019444,467,WEST KAMENG,33,High
Tumakuru,KARNATAKA,12.981699460911374,58.031141952098686,468,TUMAKURU,36,High
Chamarajanagara,KARNATAKA,12.976241045034715,57.99488805301527,469,CHAMARAJANAGARA,1,High
Dharmapuri,TAMIL NADU,12.963906917019216,57.91296680654738,470,DHARMAPURI,15,High
Rajgarh,MADHYA PRADESH,12.960728774648368,57.89185810845821,471,RAJGARH,20,High
Damoh,MADHYA PRADESH,12.953807470822902,57.84588794860155,472,DAMOH,19,High
Mahoba,UTTAR PRADESH,12.917103678722318,57.602107407715344,473,MAHOBA,26,High
Kupwara,JAMMU & KASHMIR,12.911015617775956,57.5616715098009,474,KUPWARA,23,High
East Khasi Hills,MEGHALAYA,12.893531577652482,57.4455453954611,475,EAST KHASI HILLS,16,High
Mumbai Suburban,MAHARASHTRA,12.892295185056971,57.43733347951368,476,MUMBAI SUBURBAN,27,High
Hanumangarh,RAJASTHAN,12.891351268862383,57.43106414364133,477,HANUMANGARH,12,High
Srinagar,JAMMU & KASHMIR,12.888221332606244,57.410275622625015,478,SRINAGAR,26,High
Anugul,ODISHA,12.81414308699189,56.918260118224865,479,ANUGUL,25,High
Udham Singh Nagar,UTTARAKHAND,12.813095833142514,56.911304430672274,480,UDHAM SINGH NAGAR,0,High
Karauli,RAJASTHAN,12.785134804609754,56.725591885200934,481,KARAULI,13,High
Burhanpur,MADHYA PRADESH,12.778778889751598,56.683376945728135,482,BURHANPUR,19,High
Perambalur,TAMIL NADU,12.76838110171406,56.614316550419,483,PERAMBALUR,15,High
Devbhumi Dwarka,GUJARAT,12.768307391455854,56.613826979026335,484,DEVBHUMI DWARKA,1,High
Gajapati,ODISHA,12.730445509094396,56.362354593400575,485,GAJAPATI,23,High
Noney,MANIPUR,12.728499352537504,56.34942854214168,486,NONEY,5,High
Fazilka,PUNJAB,12.711655400142604,56.237553785052896,487,FAZILKA,24,High
Kurukshetra,HARYANA,12.69188176334306,56.10622054675778,488,KURUKSHETRA,21,High
Jhunjhunun,RAJASTHAN,12.688618436513297,56.084546067525,489,JHUNJHUNUN,1,High
Purbi Singhbhum,JHARKHAND,12.645560586066884,55.79856291781506,490,PURBI SINGHBHUM,0,High
Ranipet,TAMIL NADU,12.643814299855505,55.78696437246625,491,RANIPET,8,High
Fatehabad,HARYANA,12.608094599668735,55.54972000796135,492,FATEHABAD,15,High
Faridkot,PUNJAB,12.569999024995894,55.2966954764997,493,FARIDKOT,31,High
Nalgonda,TELANGANA,12.523449573878914,54.9875216903101,494,NALGONDA,19,High
Nalgonda,TELANGANA,12.523449573878914,54.9875216903101,494,NALGONDA,1,High
Tirupathur,TAMIL NADU,12.510208774828982,54.89957848418818,495,TIRUPATHUR,7,High
North,DELHI,12.505519713351603,54.86843451028839,496,NORTH,19,High
Dohad,GUJARAT,12.50521505039512,54.866410989118805,497,DOHAD,0,High
Bageshwar,UTTARAKHAND,12.479758572738648,54.69733325799102,498,BAGESHWAR,12,High
Chhatarpur,MADHYA PRADESH,12.460824774657857,54.57157809011856,499,CHHATARPUR,17,High
Karimnagar,TELANGANA,12.450590881962183,54.503606260671454,500,KARIMNAGAR,29,High
Tenkasi,TAMIL NADU,12.438608592591056,54.424021868520825,501,TENKASI,7,High
Mahabubnagar,TELANGANA,12.413518304684972,54.25737630939238,502,MAHABUBNAGAR,22,High
Ratlam,MADHYA PRADESH,12.364180423938164,53.92968223294178,503,RATLAM,15,High
Bagalkote,KARNATAKA,12.352264924637735,53.85054144943834,504,BAGALKOTE,3,High
Seoni,MADHYA PRADESH,12.338171071605162,53.75693239928799,505,SEONI,22,High
Jharsuguda,ODISHA,12.322353113292673,53.65187212588173,506,JHARSUGUDA,21,High
Dungarpur,RAJASTHAN,12.3151833538887,53.604251765000924,507,DUNGARPUR,15,High
Alipurduar,WEST BENGAL,12.287153516516195,53.41808220255092,508,ALIPURDUAR,0,High
Hardwar,UTTARAKHAND,12.275895813177405,53.3433103914654,509,HARDWAR,0,High
Osmanabad,MAHARASHTRA,12.274168152976904,53.33183555701256,510,OSMANABAD,0,High
Champawat,UTTARAKHAND,12.273131236919184,53.32494853136923,511,CHAMPAWAT,8,High
Narsimhapur,MADHYA PRADESH,12.272207128992587,53.318810758749834,512,NARSIMHAPUR,13,High
Jagatsinghapur,ODISHA,12.26514761315928,53.27192261750485,513,JAGATSINGHAPUR,22,High
Mahasamund,CHHATTISGARH,12.26337002920788,53.26011619772254,514,MAHASAMUND,4,High
Moga,PUNJAB,12.249494272419687,53.16795570690018,515,MOGA,28,High
West Khasi Hills,MEGHALAYA,12.234504460081457,53.06839584263378,516,WEST KHASI HILLS,11,High
Panipat,HARYANA,12.229658578335464,53.03621029434298,517,PANIPAT,20,High
Lalitpur,UTTAR PRADESH,12.22704290043755,53.0188373926278,518,LALITPUR,27,High
Vijayapura,KARNATAKA,12.22306824443187,52.992438382186435,519,VIJAYAPURA,14,High
Dhar,MADHYA PRADESH,12.222735675425495,52.99022951363046,520,DHAR,22,High
Malkangiri,ODISHA,12.198866393642604,52.83169367603493,521,MALKANGIRI,23,High
Unokoti,TRIPURA,12.194018533074011,52.7994949847304,522,UNOKOTI,0,High
Una,HIMACHAL PRADESH,12.186777576748492,52.751401745624996,523,UNA,52,High
Fatehgarh Sahib,PUNJAB,12.183871093468309,52.7320973624654,524,FATEHGARH SAHIB,28,High
Barwani,MADHYA PRADESH,12.157796682598162,52.55891542072505,525,BARWANI,16,High
North  District,SIKKIM,12.129733510221849,52.37252445267105,526,NORTH DISTRICT,0,High
West Garo Hills,MEGHALAYA,12.11627981147293,52.2831672018196,527,WEST GARO HILLS,18,High
Thoothukkudi,TAMIL NADU,12.099855590037578,52.17408022862151,528,THOOTHUKKUDI,20,High
Kamrup Metropolitan,ASSAM,12.092662660538268,52.12630597578429,529,KAMRUP METROPOLITAN,0,High
Rajsamand,RAJASTHAN,12.045072167700985,51.810217761980105,530,RAJSAMAND,14,High
South West,DELHI,12.004899852874884,51.54339986452362,531,SOUTH WEST,16,High
Hingoli,MAHARASHTRA,11.971959816564476,51.32461756958919,532,HINGOLI,32,Moderate
Tarn Taran,PUNJAB,11.93121167916792,51.05397515347546,533,TARN TARAN,24,Moderate
Harda,MADHYA PRADESH,11.890187891324528,50.781501912501994,534,HARDA,15,Moderate
West District,SIKKIM,11.83245566150928,50.39805395234684,535,WEST DISTRICT,0,Moderate
Theni,TAMIL NADU,11.776661030227343,50.02747520246774,536,THENI,14,Moderate
Sri Muktsar Sahib,PUNJAB,11.775474642293869,50.01959540924826,537,SRI MUKTSAR SAHIB,1,Moderate
Gomati,TRIPURA,11.77133230588312,49.99208269317856,538,GOMATI,19,Moderate
Chota Udaipur,GUJARAT,11.771129154593742,49.9907333957798,539,CHOTA UDAIPUR,14,Moderate
Mandla,MADHYA PRADESH,11.733446041493288,49.74044836613681,540,MANDLA,15,Moderate
Shupiyan,JAMMU & KASHMIR,11.718809232418751,49.643233091397335,541,SHUPIYAN,0,Moderate
North Goa,GOA,11.69334031962348,49.47407276812611,542,NORTH GOA,18,Moderate
South Goa,GOA,11.68967796451052,49.449748008768616,543,SOUTH GOA,18,Moderate
Kargil,LADAKH,11.688354952761175,49.44096078267027,544,KARGIL,8,Moderate
Bhopal,MADHYA PRADESH,11.67764066032228,49.36979821726534,545,BHOPAL,44,Moderate
Shivpuri,MADHYA PRADESH,11.667533409556553,49.30266752265511,546,SHIVPURI,14,Moderate
Panchkula,HARYANA,11.642563713114605,49.13682291216634,547,PANCHKULA,25,Moderate
Mulugu,TELANGANA,11.639663312410365,49.117558928474175,548,MULUGU,5,Moderate
Jayashankar,TELANGANA,11.63604258574657,49.09351065841852,549,JAYASHANKAR,0,Moderate
Shahid Bhagat Singh Nagar,PUNJAB,11.623164130923987,49.0079740829654,550,SHAHID BHAGAT SINGH NAGAR,22,Moderate
South Tripura,TRIPURA,11.614260287187228,48.94883621960335,551,SOUTH TRIPURA,25,Moderate
Gurugram,HARYANA,11.613218485059855,48.94191674149026,552,GURUGRAM,16,Moderate
Mandsaur,MADHYA PRADESH,11.601043157916012,48.86105022425251,553,MANDSAUR,19,Moderate
Ribhoi,MEGHALAYA,11.56983751271364,48.65378746934997,554,RIBHOI,0,Moderate
Lohit,ARUNACHAL PRADESH,11.565889287647884,48.62756400885759,555,LOHIT,38,Moderate
South District,SIKKIM,11.559174791160126,48.58296742927043,556,SOUTH DISTRICT,0,Moderate
Central,DELHI,11.556032138850329,48.56209445032046,557,CENTRAL,16,Moderate
Kulgam,JAMMU & KASHMIR,11.544190820352002,48.48344636348471,558,KULGAM,17,Moderate
Samba,JAMMU & KASHMIR,11.523626947400388,48.34686450684381,559,SAMBA,17,Moderate
Kurung Kumey,ARUNACHAL PRADESH,11.510044988050431,48.25665537020874,560,KURUNG KUMEY,25,Moderate
Datia,MADHYA PRADESH,11.492406961849484,48.13950650570862,561,DATIA,12,Moderate
Panna,MADHYA PRADESH,11.464881114149012,47.95668435963763,562,PANNA,11,Moderate
Giridih,JHARKHAND,11.462058703328612,47.93793837190658,563,GIRIDIH,4,Moderate
Thoubal,MANIPUR,11.46109993778033,47.93157040907314,564,THOUBAL,9,Moderate
Durg,CHHATTISGARH,11.387358838485303,47.44179417498754,565,DURG,13,Moderate
Katni,MADHYA PRADESH,11.376302525668784,47.36835996657573,566,KATNI,12,Moderate
Kamareddy,TELANGANA,11.365235920129477,47.29485739559468,567,KAMAREDDY,3,Moderate
Singrauli,MADHYA PRADESH,11.286876313176668,46.774405794456676,568,SINGRAULI,10,Moderate
Lunglei,MIZORAM,11.271881135911611,46.67481029723006,569,LUNGLEI,8,Moderate
Lawngtlai,MIZORAM,11.266585849948353,46.6396398801589,570,LAWNGTLAI,7,Moderate
Champhai,MIZORAM,11.253727492530876,46.55423678835982,571,CHAMPHAI,10,Moderate
Changlang,ARUNACHAL PRADESH,11.251637398872711,46.54035473058515,572,CHANGLANG,23,Moderate
Ashoknagar,MADHYA PRADESH,11.23645822753216,46.439537175018586,573,ASHOKNAGAR,13,Moderate
Tamenglong,MANIPUR,11.226699133445404,46.37471887971796,574,TAMENGLONG,7,Moderate
Debagarh,ODISHA,11.204453176669588,46.226964899407754,575,DEBAGARH,0,Moderate
Chatra,JHARKHAND,11.172518237918649,46.014858296892754,576,CHATRA,8,Moderate
Sheopur,MADHYA PRADESH,11.164904277475754,45.96428762588503,577,SHEOPUR,11,Moderate
Dhalai,TRIPURA,11.161184783193038,45.93958335757458,578,DHALAI,23,Moderate
Godda,JHARKHAND,11.1329118351489,45.7517990940914,579,GODDA,6,Moderate
Upper Subansiri,ARUNACHAL PRADESH,11.125065157677906,45.699682754918705,580,UPPER SUBANSIRI,0,Moderate
Barnala,PUNJAB,11.104807807396751,45.56513677136126,581,BARNALA,23,Moderate
Sahibganj,JHARKHAND,11.06901446570178,45.3274032920899,582,SAHIBGANJ,0,Moderate
Gumla,JHARKHAND,11.057680028059243,45.2521218243994,583,GUMLA,5,Moderate
Garhwa,JHARKHAND,11.04842383413576,45.19064370914007,584,GARHWA,7,Moderate
Uttar Bastar Kanker,CHHATTISGARH,11.025433919960095,45.03794848633279,585,UTTAR BASTAR KANKER,0,Moderate
Kra Daadi,ARUNACHAL PRADESH,11.01656951844341,44.97907259169912,586,KRA DAADI,22,Moderate
Kanniyakumari,TAMIL NADU,11.01336275465019,44.957773794837394,587,KANNIYAKUMARI,4,Moderate
Lahul & Spiti,HIMACHAL PRADESH,10.96578019019641,44.64173824005039,588,LAHUL & SPITI,0,Moderate
West,DELHI,10.94354846228993,44.494078765546384,589,WEST,16,Moderate
Khowai,TRIPURA,10.896522224413973,44.18173824024514,590,KHOWAI,20,Moderate
Tikamgarh,MADHYA PRADESH,10.89427204404565,44.1667929129128,591,TIKAMGARH,13,Moderate
Vikarabad,TELANGANA,10.890505293328674,44.141774775150594,592,VIKARABAD,8,Moderate
Satna,MADHYA PRADESH,10.888948730776102,44.13143634309024,593,SATNA,14,Moderate
Sipahijala,TRIPURA,10.887426944928729,44.12132889217702,594,SIPAHIJALA,0,Moderate
Narayanpet,TELANGANA,10.866879335501324,43.98485505518481,595,NARAYANPET,7,Moderate
Pathankot,PUNJAB,10.849183480056968,43.867322098376235,596,PATHANKOT,24,Moderate
South Garo Hills,MEGHALAYA,10.843939023790394,43.83248928377724,597,SOUTH GARO HILLS,7,Moderate
Shajapur,MADHYA PRADESH,10.84349368116641,43.82953139143041,598,SHAJAPUR,13,Moderate
Dindori,MADHYA PRADESH,10.83104980705238,43.74688122945464,599,DINDORI,13,Moderate
Janjgir - Champa,CHHATTISGARH,10.791229865876428,43.48240373973564,600,JANJGIR - CHAMPA,0,Moderate
Medchal Malkajgiri,TELANGANA,10.786006196303363,43.447708986930735,601,MEDCHAL MALKAJGIRI,4,Moderate
Surguja,CHHATTISGARH,10.750021653536365,43.20870558163567,602,SURGUJA,6,Moderate
Lower Subansiri,ARUNACHAL PRADESH,10.74706790781616,43.18908728913503,603,LOWER SUBANSIRI,1,Moderate
Washim,MAHARASHTRA,10.734974523913712,43.10876502540806,604,WASHIM,78,Moderate
Jhajjar,HARYANA,10.71628017524838,42.98460024110837,605,JHAJJAR,12,Moderate
East Garo Hills,MEGHALAYA,10.696820929375155,42.85535513555599,606,EAST GARO HILLS,9,Moderate
South West Garo Hills,MEGHALAYA,10.671036900750009,42.68410186485202,607,SOUTH WEST GARO HILLS,7,Moderate
Neemuch,MADHYA PRADESH,10.664636960132986,42.64159451354124,608,NEEMUCH,12,Moderate
Ramgarh,JHARKHAND,10.627312499651268,42.39369159551076,609,RAMGARH,7,Moderate
Rewari,HARYANA,10.597251089448347,42.194028660983804,610,REWARI,14,Moderate
Dumka,JHARKHAND,10.5848069481936,42.11137672470341,611,DUMKA,4,Moderate
Namsai,ARUNACHAL PRADESH,10.56352688594745,41.97003805674664,612,NAMSAI,18,Moderate
Sidhi,MADHYA PRADESH,10.556680246809432,41.92456380744442,613,SIDHI,8,Moderate
North Garo Hills,MEGHALAYA,10.473013602064915,41.36886373552659,614,NORTH GARO HILLS,6,Moderate
Hyderabad,TELANGANA,10.461370494449875,41.291532132726196,615,HYDERABAD,39,Moderate
Lower Dibang Valley,ARUNACHAL PRADESH,10.435148428163515,41.11736948803475,616,LOWER DIBANG VALLEY,23,Moderate
New Delhi,DELHI,10.399872325032984,40.88307142210326,617,NEW DELHI,12,Moderate
Anjaw,ARUNACHAL PRADESH,10.331746414673855,40.4305903479352,618,ANJAW,21,Moderate
Palwal,HARYANA,10.310952075785933,40.292477774510175,619,PALWAL,11,Moderate
Pashchimi Singhbhum,JHARKHAND,10.306841150931811,40.26517368882514,620,PASHCHIMI SINGHBHUM,0,Moderate
Siang,ARUNACHAL PRADESH,10.300113768441996,40.22049152253504,621,SIANG,20,Moderate
Nabarangapur,ODISHA,10.296490508721549,40.196426428334384,622,NABARANGAPUR,0,Moderate
Bhadradri Kothagudem,TELANGANA,10.291820822002276,40.16541113838631,623,BHADRADRI KOTHAGUDEM,6,Moderate
Muzaffarabad,JAMMU & KASHMIR,10.252418880453558,39.90370993333398,624,MUZAFFARABAD,13,Moderate
Imphal East,MANIPUR,10.245482380946884,39.85763884626593,625,IMPHAL EAST,12,Moderate
Jhabua,MADHYA PRADESH,10.24113162541924,39.82874184475485,626,JHABUA,15,Moderate
Mungeli,CHHATTISGARH,10.213543018484753,39.64550286218992,627,MUNGELI,2,Moderate
Alirajpur,MADHYA PRADESH,10.19595043322708,39.5286558089495,628,ALIRAJPUR,14,Moderate
Deoghar,JHARKHAND,10.195271519719046,39.524146577267125,629,DEOGHAR,4,Moderate
Jogulamba Gadwal,TELANGANA,10.137668799539624,39.141558798778895,630,JOGULAMBA GADWAL,4,Moderate
Mamit,MIZORAM,10.112772397135728,38.976200995217084,631,MAMIT,7,Moderate
Khunti,JHARKHAND,10.055094618285557,38.59311468940221,632,KHUNTI,5,Moderate
Bokaro,JHARKHAND,10.052560471915164,38.57628330666209,633,BOKARO,6,Moderate
Nagarkurnool,TELANGANA,10.02790622304353,38.4125338469714,634,NAGARKURNOOL,3,Moderate
Anuppur,MADHYA PRADESH,9.990783932578736,38.1659737088897,635,ANUPPUR,10,Moderate
Mahabubabad,TELANGANA,9.98365424991606,38.1186195311227,636,MAHABUBABAD,6,Moderate
Wanaparthy,TELANGANA,9.983597435827042,38.11824218130246,637,WANAPARTHY,3,Moderate
Nirmal,TELANGANA,9.97777035268932,38.07953965500192,638,NIRMAL,3,Moderate
Bametara,CHHATTISGARH,9.95595548857293,37.93464892112137,639,BAMETARA,0,Moderate
Mirpur,JAMMU & KASHMIR,9.948679414974752,37.88632243887587,640,MIRPUR,13,Moderate
Pakur,JHARKHAND,9.940192955238464,37.82995677128894,641,PAKUR,3,Moderate
Nuh,HARYANA,9.922296092954678,37.711088760164884,642,NUH,11,Moderate
Kalimpong,WEST BENGAL,9.916650213959274,37.67358976192771,643,KALIMPONG,4,Moderate
Lohardaga,JHARKHAND,9.906912664619114,37.60891456328488,644,LOHARDAGA,5,Moderate
Suryapet,TELANGANA,9.901334243798267,37.57186361113067,645,SURYAPET,3,Moderate
Kolasib,MIZORAM,9.878909712173492,37.42292356609046,646,KOLASIB,6,Moderate
West Jaintia Hills,MEGHALAYA,9.874314592993612,37.39240354145546,647,WEST JAINTIA HILLS,0,Moderate
Yadadri Bhuvanagiri,TELANGANA,9.86087462664835,37.30313749896695,648,YADADRI BHUVANAGIRI,2,Moderate
Peddapalli,TELANGANA,9.845408482920163,37.200413920074915,649,PEDDAPALLI,3,Moderate
Upper Dibang Valley,ARUNACHAL PRADESH,9.841545884430838,37.17475917719785,650,UPPER DIBANG VALLEY,0,Moderate
Saiha,MIZORAM,9.83880428968046,37.156549956491,651,SAIHA,0,Moderate
Mahendragarh,HARYANA,9.834091081145813,37.12524560181459,652,MAHENDRAGARH,11,Moderate
Imphal West,MANIPUR,9.824765631403093,37.063307500812456,653,IMPHAL WEST,12,Moderate
Dadra & Nagar Haveli,DADRA & NAGAR HAVE,9.82021116955276,37.033057515462794,654,DADRA & NAGAR HAVELI,0,Moderate
Puducherry,PUDUCHERRY,9.745259263728006,36.535239303863904,655,PUDUCHERRY,0,Moderate
Dhamtari,CHHATTISGARH,9.737562775263704,36.48412049533289,656,DHAMTARI,3,Moderate
Siddipet,TELANGANA,9.736998679525309,36.48037386436242,657,SIDDIPET,5,Moderate
Siddharthnagar,UTTAR PRADESH,9.72399035289081,36.39397470172844,658,SIDDHARTHNAGAR,32,Moderate
Serchhip,MIZORAM,9.723515036831328,36.39081773076056,659,SERCHHIP,7,Moderate
Mancherial,TELANGANA,9.717544076057568,36.351159592902526,660,MANCHERIAL,3,Moderate
Jagitial,TELANGANA,9.679544393631508,36.0987719619476,661,JAGITIAL,2,Moderate
East Jaintia Hills,MEGHALAYA,9.65998633260374,35.968870542416646,662,EAST JAINTIA HILLS,3,Moderate
Niwari,MADHYA PRADESH,9.638222930912182,35.824321613484386,663,NIWARI,8,Moderate
Charki Dadri,HARYANA,9.619373407745462,35.6991261857085,664,CHARKI DADRI,11,Moderate
Lower Siang,ARUNACHAL PRADESH,9.609839787960246,35.635805453576126,665,LOWER SIANG,17,Moderate
Chittaurgarh,RAJASTHAN,9.594135959660097,35.5315032129111,666,CHITTAURGARH,0,Moderate
Kohima,NAGALAND,9.5925154353088,35.52073995712009,667,KOHIMA,10,Moderate
Narayanpur,CHHATTISGARH,9.55376214188696,35.26334696607415,668,NARAYANPUR,2,Moderate
Ranga Reddy,TELANGANA,9.536145532868831,35.14634035097424,669,RANGA REDDY,13,Moderate
North East,DELHI,9.525736278273992,35.0772037966804,670,NORTH EAST,16,Moderate
South West Khasi Hills,MEGHALAYA,9.505296323813456,34.94144498624403,671,SOUTH WEST KHASI HILLS,5,Moderate
Sangareddy,TELANGANA,9.492916177630676,34.85921809468967,672,SANGAREDDY,10,Moderate
South East,DELHI,9.482388752073582,34.78929666833094,673,SOUTH EAST,15,Moderate
Tirap,ARUNACHAL PRADESH,9.475632710698273,34.74442415444439,674,TIRAP,19,Moderate
Korba,CHHATTISGARH,9.450878057206763,34.580007823808224,675,KORBA,3,Moderate
Phek,NAGALAND,9.433797710693456,34.46656297592637,676,PHEK,2,Moderate
Longding,ARUNACHAL PRADESH,9.380106398863669,34.10995412736691,677,LONGDING,20,Moderate
Kamle,ARUNACHAL PRADESH,9.357481439682791,33.95968287551567,678,KAMLE,18,Moderate
Zunheboto,NAGALAND,9.351020631650451,33.91677125285909,679,ZUNHEBOTO,2,Moderate
Pakke Kessang,ARUNACHAL PRADESH,9.274304467085791,33.40723512533754,680,PAKKE KESSANG,15,Moderate
East Nimar,MADHYA PRADESH,9.24772357188089,33.230689198079325,681,EAST NIMAR,11,Moderate
Baloda Bazar,CHHATTISGARH,9.197380868666414,32.896321256323716,682,BALODA BAZAR,0,Moderate
Agar Malwa,MADHYA PRADESH,9.189893645189708,32.84659235136791,683,AGAR MALWA,0,Moderate
Jamtara,JHARKHAND,9.108846380469975,32.30828977008207,684,JAMTARA,3,Moderate
Shi Yomi,ARUNACHAL PRADESH,9.096398933410187,32.22561587718915,685,SHI YOMI,17,Moderate
Jashpur,CHHATTISGARH,9.061379751377704,31.993024238868074,686,JASHPUR,1,Moderate
Kiphire,NAGALAND,9.05089449050156,31.923382863374382,687,KIPHIRE,2,Moderate
North West,DELHI,8.981260027282882,31.460882229618353,688,NORTH WEST,15,Moderate
North West,DELHI,8.981260027282882,31.460882229618353,688,NORTH WEST,1,Moderate
Simdega,JHARKHAND,8.94116808234982,31.194598135752038,689,SIMDEGA,2,Moderate
Dhanbad,JHARKHAND,8.927454083908186,31.103512017220954,690,DHANBAD,3,Moderate
Latehar,JHARKHAND,8.923637897176071,31.07816553358983,691,LATEHAR,2,Moderate
Dimapur,NAGALAND,8.881072108678037,30.79545057828325,692,DIMAPUR,3,Moderate
Lepa Rada,ARUNACHAL PRADESH,8.713845097816714,29.684756319585464,693,LEPA RADA,0,Moderate
Kumuram Bheem Asifabad,TELANGANA,8.66093849709519,29.333359392940977,694,KUMURAM BHEEM ASIFABAD,5,Moderate
Shahdol,MADHYA PRADESH,8.606111330127606,28.969206381666616,695,SHAHDOL,13,Moderate
Koriya,CHHATTISGARH,8.59284199242208,28.88107362649544,696,KORIYA,0,Moderate
Hazaribagh,JHARKHAND,8.551359145646899,28.60555139171817,697,HAZARIBAGH,15,Moderate
Saraikela-kharsawan,JHARKHAND,8.535902648674234,28.502891884987203,698,SARAIKELA-KHARSAWAN,0,Moderate
Chandigarh,CHANDIGARH,8.444719669556333,27.897269558333292,699,CHANDIGARH,19,Moderate
Churachandpur,MANIPUR,8.413451680279724,27.689592724359663,700,CHURACHANDPUR,4,Moderate
Senapati,MANIPUR,8.399273632440867,27.595424466175462,701,SENAPATI,4,Moderate
Kabeerdham,CHHATTISGARH,8.3867421635168,27.512192513900995,702,KABEERDHAM,2,Moderate
Mon,NAGALAND,8.374345913494796,27.42985866329931,703,MON,1,Moderate
South Andaman,ANDAMAN & NICOBAR,8.360463034157858,27.33765086568151,704,SOUTH ANDAMAN,0,Moderate
Jangoan,TELANGANA,8.296947751656099,26.915792822229577,705,JANGOAN,2,Moderate
Umaria,MADHYA PRADESH,8.24755174208456,26.58771266370073,706,UMARIA,13,Moderate
Shahdara,DELHI,8.206277741519726,26.31357755104918,707,SHAHDARA,15,Moderate
Pherzawl,MANIPUR,8.073969241981777,25.434806292406137,708,PHERZAWL,4,Moderate
Ukhrul,MANIPUR,8.053628266155952,25.299704881756696,709,UKHRUL,4,Moderate
Kangpokpi,MANIPUR,8.00393638306531,24.96965958005345,710,KANGPOKPI,4,Moderate
Kakching,MANIPUR,7.928141727053354,24.466243960538094,711,KAKCHING,4,Low
Peren,NAGALAND,7.912089199797859,24.359625718853124,712,PEREN,3,Low
Sukma,CHHATTISGARH,7.909024380663381,24.3392696950321,713,SUKMA,1,Low
Chandel,MANIPUR,7.865775829637234,24.05201994348583,714,CHANDEL,4,Low
Jhargram,WEST BENGAL,7.851960065827975,23.960257916146876,715,JHARGRAM,0,Low
Wokha,NAGALAND,7.815000444608371,23.714778200395088,716,WOKHA,2,Low
Surajpur,CHHATTISGARH,7.792234030913422,23.563567430963296,717,SURAJPUR,0,Low
Sahibzada Ajit Singh Nag*,PUNJAB,7.786181657360266,23.52336856283571,718,SAHIBZADA AJIT SINGH NAG,0,Low
Mokokchung,NAGALAND,7.757549146183988,23.33319614026,719,MOKOKCHUNG,1,Low
Jiribam,MANIPUR,7.702555124846091,22.967934909744088,720,JIRIBAM,5,Low
Tuensang,NAGALAND,7.690746667159076,22.889505079003886,721,TUENSANG,1,Low
South,DELHI,7.686692945997747,22.862580930823157,722,SOUTH,15,Low
Kondagaon,CHHATTISGARH,7.560307969081454,22.023152733646402,723,KONDAGAON,0,Low
Tirunelveli,TAMIL NADU,7.541970999898446,21.901361604996882,724,TIRUNELVELI,20,Low
East Kameng,ARUNACHAL PRADESH,7.516648699454786,21.733175056813483,725,EAST KAMENG,23,Low
Kamjong,MANIPUR,7.479566995010197,21.486884484392217,726,KAMJONG,4,Low
North  & Middle Andaman,ANDAMAN & NICOBAR,7.46257473986789,21.37402472488518,727,NORTH & MIDDLE ANDAMAN,0,Low
Tengnoupal,MANIPUR,7.310092891311484,20.36126540523394,728,TENGNOUPAL,4,Low
Gariaband,CHHATTISGARH,7.285327069503,20.196774896476192,729,GARIABAND,0,Low
Dakshin Bastar Dantewada,CHHATTISGARH,7.263513106542463,20.05189014792438,730,DAKSHIN BASTAR DANTEWADA,2,Low
Almora,UTTARAKHAND,7.102979287602845,18.98565096739554,731,ALMORA,20,Low
Karaikal,PUDUCHERRY,7.016885974680272,18.4138333651861,732,KARAIKAL,2,Low
Longleng,NAGALAND,6.923534921461172,17.79381104750066,733,LONGLENG,1,Low
Balod,CHHATTISGARH,6.814171814275378,17.06743930504726,734,BALOD,1,Low
Rajanna Sircilla,TELANGANA,6.28564759560078,13.55706850884008,735,RAJANNA SIRCILLA,4,Low
Kodarma,JHARKHAND,5.936974084070552,11.2412364825308,736,KODARMA,0,Low
Yanam,PUDUCHERRY,5.860381611156025,10.732521894573608,737,YANAM,1,Low
Bishnupur,MANIPUR,5.479314363347237,8.201536008148977,738,BISHNUPUR,6,Low
Daman,DAMAN & DIU,5.2337505446842085,6.570541576519077,739,DAMAN,0,Low
Lakshadweep,LAKSHADWEEP,4.858476899467763,4.078035844127858,740,LAKSHADWEEP,0,Low
Nicobars,ANDAMAN & NICOBAR,4.664727108280096,2.791181647621925,741,NICOBARS,0,Low
Diu,DAMAN & DIU,4.269141538160504,0.16376745602411116,742,DIU,0,Low
Mahe,PUDUCHERRY,4.244484579746598,0.0,743,MAHE,1,Low
East,DELHI,,,,EAST,19,Unknown
